min,max
4.6,15.9
0.12,1.58
0.0,1.0
0.9,15.5
0.012,0.611
1.0,72.0
6.0,289.0
0.99007,1.00369
2.74,4.01
0.33,2.0
8.4,14.9
3.0,8.0
