{
    "rmse": 0.7883934057182608,
    "mae": 0.6567050814955195,
    "r2": 0.019651127360669207
}