{
    "rmse": 0.7883678338823127,
    "mae": 0.6565580801734737,
    "r2": 0.01971472229638227
}